Workbook

Sheet Reaction matrix
A1: ADR flag | B1: 1
A3: Count of Patient_ID | B3: Column Labels
A4: Row Labels | B4: Ankle Edema | C4: Bruising | D4: Diarrhea | E4: Dry Cough | F4: Elevated Liver Enzymes | G4: Gastritis | H4: GI Bleeding | I4: Headache | J4: Hyperkalemia | K4: Lactic Acidosis | L4: Myalgia | M4: Nausea | N4: Skin Rash | O4: Tendon Pain | P4: Grand Total
A5: Amlodipine | B5: 1 | I5: 1 | P5: 2
A6: Amoxicillin | D6: 1 | N6: 1 | P6: 2
A7: Atorvastatin | F7: 1 | L7: 3 | P7: 4
A8: Ciprofloxacin | M8: 1 | O8: 1 | P8: 2
A9: Diclofenac | G9: 3 | H9: 1 | P9: 4
A10: Enalapril | E10: 4 | J10: 1 | P10: 5
A11: Metformin | K11: 1 | M11: 1 | P11: 2
A12: Omeprazole | I12: 1 | P12: 1
A13: Warfarin | C13: 4 | P13: 4
A14: Grand Total | B14: 1 | C14: 4 | D14: 1 | E14: 4 | F14: 1 | G14: 3 | H14: 1 | I14: 2 | J14: 1 | K14: 1 | L14: 3 | M14: 2 | N14: 1 | O14: 1 | P14: 26

Sheet Risk factors 
A1: Age group | B1: Patients | C1: ADR cases | D1: ADR rate | F1: Severity | G1: Cases | H1: % of ADRs
A2: Under 18 | B2: =COUNTIFS(Patient_Data!$O$2:$O$81,A2) -> 3 | C2: =COUNTIFS(Patient_Data!$O$2:$O$81,A2,Patient_Data!$P$2:$P$81,1) -> 3 | D2: =C2/B2 -> 1 | F2: Mild | G2: =COUNTIFS(Patient_Data!$J$2:$J$81,F2) -> 17 | H2: =G2/SUM($G$2:$G$4) -> 0.65384615
A3: 18 to 39 | B3: =COUNTIFS(Patient_Data!$O$2:$O$81,A3) -> 30 | C3: =COUNTIFS(Patient_Data!$O$2:$O$81,A3,Patient_Data!$P$2:$P$81,1) -> 10 | D3: =C3/B3 -> 0.33333333 | F3: Moderate | G3: =COUNTIFS(Patient_Data!$J$2:$J$81,F3) -> 7 | H3: =G3/SUM($G$2:$G$4) -> 0.26923077
A4: 40 to 59 | B4: =COUNTIFS(Patient_Data!$O$2:$O$81,A4) -> 24 | C4: =COUNTIFS(Patient_Data!$O$2:$O$81,A4,Patient_Data!$P$2:$P$81,1) -> 5 | D4: =C4/B4 -> 0.20833333 | F4: Severe | G4: =COUNTIFS(Patient_Data!$J$2:$J$81,F4) -> 2 | H4: =G4/SUM($G$2:$G$4) -> 0.076923077
A5: 60 and above | B5: =COUNTIFS(Patient_Data!$O$2:$O$81,A5) -> 23 | C5: =COUNTIFS(Patient_Data!$O$2:$O$81,A5,Patient_Data!$P$2:$P$81,1) -> 8 | D5: =C5/B5 -> 0.34782609
A7: Gender | F7: Causality | G7: Cases | H7: % of ADRs
A8: Male | B8: =COUNTIFS(Patient_Data!$C$2:$C$81,A8) -> 43 | C8: =COUNTIFS(Patient_Data!$C$2:$C$81,A8,Patient_Data!$P$2:$P$81,1) -> 13 | D8: =C8/B8 -> 0.30232558 | F8: Probable | G8: =COUNTIFS(Patient_Data!$V$2:$V$81,F8) -> 17 | H8: =G8/SUM($G$8:$G$10) -> 0.65384615
A9: Female | B9: =COUNTIFS(Patient_Data!$C$2:$C$81,A9) -> 37 | C9: =COUNTIFS(Patient_Data!$C$2:$C$81,A9,Patient_Data!$P$2:$P$81,1) -> 13 | D9: =C9/B9 -> 0.35135135 | F9: Possible | G9: =COUNTIFS(Patient_Data!$V$2:$V$81,F9) -> 9 | H9: =G9/SUM($G$8:$G$10) -> 0.34615385
F10: Unlikely | G10: =COUNTIFS(Patient_Data!$V$2:$V$81,F10) -> 0 | H10: =G10/SUM($G$8:$G$10) -> 0
A11: Concomitant Drug use
A12: With concomitant drug | B12: =COUNTIFS(Patient_Data!$L$2:$L$81,"<>None") -> 35 | C12: =COUNTIFS(Patient_Data!$L$2:$L$81,"<>None",Patient_Data!$P$2:$P$81,1) -> 13 | D12: =C12/B12 -> 0.37142857
A13: Without concomitant drug | B13: =COUNTIFS(Patient_Data!$L$2:$L$81,"None") -> 45 | C13: =COUNTIFS(Patient_Data!$L$2:$L$81,"None",Patient_Data!$P$2:$P$81,1) -> 13 | D13: =C13/B13 -> 0.28888889

Sheet Patient_Data
A1: Patient_ID | B1: Age | C1: Gender | D1: Drug | E1: Drug_Class | F1: Daily_Dose_mg | G1: Start_Date | H1: Reaction | I1: Onset_Date | J1: Severity | K1: Dechallenge | L1: Concomitant_Drug | M1: Outcome | N1: Days to onset | O1: Age group | P1: ADR flag | Q1: Known pts | R1: Temporal pts | S1: Dechallenge pts | T1: Altcause pts | U1: Causality score | V1: Causality category
A2: P001 | B2: 34 | C2: Male | D2: Omeprazole | E2: Proton Pump Inhibitor | F2: 20 | G2: 45870 | H2: None | J2: None | K2: NA | L2: None | M2: No reaction | N2: =IF(H2="None","",I2-G2) | O2: =IF(B2<18,"Under 18",IF(B2<40,"18 to 39",IF(B2<60,"40 to 59","60 and above"))) -> 18 to 39 | P2: =IF(H2="None",0,1) -> 0 | Q2: =IF(P2=0,0,IF(COUNTIFS(Known_ADRs!$A$2:$A$31,D2,Known_ADRs!$B$2:$B$31,H2)>0,1,0)) -> 0 | R2: =IF(P2=0,0,IF(N2>0,2,0)) -> 0 | S2: =IF(P2=0,0,IF(K2="Yes",1,IF(K2="No",-1,0))) -> 0 | T2: =IF(P2=0,0,IF(L2<>"None",-1,0)) -> 0 | U2: =IF(P2=0,"",Q2+R2+S2+T2) | V2: =IF(P2=0,"",IF(U2>=3,"Probable",IF(U2>=1,"Possible","Unlikely")))
A3: P002 | B3: 22 | C3: Male | D3: Metformin | E3: Antidiabetic | F3: 1000 | G3: 45674 | H3: None | J3: None | K3: NA | L3: None | M3: No reaction | N3: =IF(H3="None","",I3-G3) | O3: =IF(B3<18,"Under 18",IF(B3<40,"18 to 39",IF(B3<60,"40 to 59","60 and above"))) -> 18 to 39 | P3: =IF(H3="None",0,1) -> 0 | Q3: =IF(P3=0,0,IF(COUNTIFS(Known_ADRs!$A$2:$A$31,D3,Known_ADRs!$B$2:$B$31,H3)>0,1,0)) -> 0 | R3: =IF(P3=0,0,IF(N3>0,2,0)) -> 0 | S3: =IF(P3=0,0,IF(K3="Yes",1,IF(K3="No",-1,0))) -> 0 | T3: =IF(P3=0,0,IF(L3<>"None",-1,0)) -> 0 | U3: =IF(P3=0,"",Q3+R3+S3+T3) | V3: =IF(P3=0,"",IF(U3>=3,"Probable",IF(U3>=1,"Possible","Unlikely")))
A4: P003 | B4: 74 | C4: Female | D4: Omeprazole | E4: Proton Pump Inhibitor | F4: 20 | G4: 45763 | H4: None | J4: None | K4: NA | L4: None | M4: No reaction | N4: =IF(H4="None","",I4-G4) | O4: =IF(B4<18,"Under 18",IF(B4<40,"18 to 39",IF(B4<60,"40 to 59","60 and above"))) -> 60 and above | P4: =IF(H4="None",0,1) -> 0 | Q4: =IF(P4=0,0,IF(COUNTIFS(Known_ADRs!$A$2:$A$31,D4,Known_ADRs!$B$2:$B$31,H4)>0,1,0)) -> 0 | R4: =IF(P4=0,0,IF(N4>0,2,0)) -> 0 | S4: =IF(P4=0,0,IF(K4="Yes",1,IF(K4="No",-1,0))) -> 0 | T4: =IF(P4=0,0,IF(L4<>"None",-1,0)) -> 0 | U4: =IF(P4=0,"",Q4+R4+S4+T4) | V4: =IF(P4=0,"",IF(U4>=3,"Probable",IF(U4>=1,"Possible","Unlikely")))
A5: P004 | B5: 53 | C5: Male | D5: Amlodipine | E5: Calcium Channel Blocker | F5: 5 | G5: 45811 | H5: None | J5: None | K5: NA | L5: Clarithromycin | M5: No reaction | N5: =IF(H5="None","",I5-G5) | O5: =IF(B5<18,"Under 18",IF(B5<40,"18 to 39",IF(B5<60,"40 to 59","60 and above"))) -> 40 to 59 | P5: =IF(H5="None",0,1) -> 0 | Q5: =IF(P5=0,0,IF(COUNTIFS(Known_ADRs!$A$2:$A$31,D5,Known_ADRs!$B$2:$B$31,H5)>0,1,0)) -> 0 | R5: =IF(P5=0,0,IF(N5>0,2,0)) -> 0 | S5: =IF(P5=0,0,IF(K5="Yes",1,IF(K5="No",-1,0))) -> 0 | T5: =IF(P5=0,0,IF(L5<>"None",-1,0)) -> 0 | U5: =IF(P5=0,"",Q5+R5+S5+T5) | V5: =IF(P5=0,"",IF(U5>=3,"Probable",IF(U5>=1,"Possible","Unlikely")))
A6: P006 | B6: 79 | C6: Male | D6: Atorvastatin | E6: Statin | F6: 20 | G6: 45712 | H6: None | J6: None | K6: NA | L6: Clarithromycin | M6: No reaction | N6: =IF(H6="None","",I6-G6) | O6: =IF(B6<18,"Under 18",IF(B6<40,"18 to 39",IF(B6<60,"40 to 59","60 and above"))) -> 60 and above | P6: =IF(H6="None",0,1) -> 0 | Q6: =IF(P6=0,0,IF(COUNTIFS(Known_ADRs!$A$2:$A$31,D6,Known_ADRs!$B$2:$B$31,H6)>0,1,0)) -> 0 | R6: =IF(P6=0,0,IF(N6>0,2,0)) -> 0 | S6: =IF(P6=0,0,IF(K6="Yes",1,IF(K6="No",-1,0))) -> 0 | T6: =IF(P6=0,0,IF(L6<>"None",-1,0)) -> 0 | U6: =IF(P6=0,"",Q6+R6+S6+T6) | V6: =IF(P6=0,"",IF(U6>=3,"Probable",IF(U6>=1,"Possible","Unlikely")))
A7: P007 | B7: 57 | C7: Female | D7: Paracetamol | E7: Analgesic | F7: 650 | G7: 45811 | H7: None | J7: None | K7: NA | L7: None | M7: No reaction | N7: =IF(H7="None","",I7-G7) | O7: =IF(B7<18,"Under 18",IF(B7<40,"18 to 39",IF(B7<60,"40 to 59","60 and above"))) -> 40 to 59 | P7: =IF(H7="None",0,1) -> 0 | Q7: =IF(P7=0,0,IF(COUNTIFS(Known_ADRs!$A$2:$A$31,D7,Known_ADRs!$B$2:$B$31,H7)>0,1,0)) -> 0 | R7: =IF(P7=0,0,IF(N7>0,2,0)) -> 0 | S7: =IF(P7=0,0,IF(K7="Yes",1,IF(K7="No",-1,0))) -> 0 | T7: =IF(P7=0,0,IF(L7<>"None",-1,0)) -> 0 | U7: =IF(P7=0,"",Q7+R7+S7+T7) | V7: =IF(P7=0,"",IF(U7>=3,"Probable",IF(U7>=1,"Possible","Unlikely")))
A8: P009 | B8: 41 | C8: Male | D8: Amlodipine | E8: Calcium Channel Blocker | F8: 5 | G8: 45839 | H8: None | J8: None | K8: NA | L8: None | M8: No reaction | N8: =IF(H8="None","",I8-G8) | O8: =IF(B8<18,"Under 18",IF(B8<40,"18 to 39",IF(B8<60,"40 to 59","60 and above"))) -> 40 to 59 | P8: =IF(H8="None",0,1) -> 0 | Q8: =IF(P8=0,0,IF(COUNTIFS(Known_ADRs!$A$2:$A$31,D8,Known_ADRs!$B$2:$B$31,H8)>0,1,0)) -> 0 | R8: =IF(P8=0,0,IF(N8>0,2,0)) -> 0 | S8: =IF(P8=0,0,IF(K8="Yes",1,IF(K8="No",-1,0))) -> 0 | T8: =IF(P8=0,0,IF(L8<>"None",-1,0)) -> 0 | U8: =IF(P8=0,"",Q8+R8+S8+T8) | V8: =IF(P8=0,"",IF(U8>=3,"Probable",IF(U8>=1,"Possible","Unlikely")))
A9: P010 | B9: 57 | C9: Male | D9: Paracetamol | E9: Analgesic | F9: 650 | G9: 45816 | H9: None | J9: None | K9: NA | L9: None | M9: No reaction | N9: =IF(H9="None","",I9-G9) | O9: =IF(B9<18,"Under 18",IF(B9<40,"18 to 39",IF(B9<60,"40 to 59","60 and above"))) -> 40 to 59 | P9: =IF(H9="None",0,1) -> 0 | Q9: =IF(P9=0,0,IF(COUNTIFS(Known_ADRs!$A$2:$A$31,D9,Known_ADRs!$B$2:$B$31,H9)>0,1,0)) -> 0 | R9: =IF(P9=0,0,IF(N9>0,2,0)) -> 0 | S9: =IF(P9=0,0,IF(K9="Yes",1,IF(K9="No",-1,0))) -> 0 | T9: =IF(P9=0,0,IF(L9<>"None",-1,0)) -> 0 | U9: =IF(P9=0,"",Q9+R9+S9+T9) | V9: =IF(P9=0,"",IF(U9>=3,"Probable",IF(U9>=1,"Possible","Unlikely")))
A10: P011 | B10: 67 | C10: Female | D10: Paracetamol | E10: Analgesic | F10: 650 | G10: 45809 | H10: None | J10: None | K10: NA | L10: Aspirin | M10: No reaction | N10: =IF(H10="None","",I10-G10) | O10: =IF(B10<18,"Under 18",IF(B10<40,"18 to 39",IF(B10<60,"40 to 59","60 and above"))) -> 60 and above | P10: =IF(H10="None",0,1) -> 0 | Q10: =IF(P10=0,0,IF(COUNTIFS(Known_ADRs!$A$2:$A$31,D10,Known_ADRs!$B$2:$B$31,H10)>0,1,0)) -> 0 | R10: =IF(P10=0,0,IF(N10>0,2,0)) -> 0 | S10: =IF(P10=0,0,IF(K10="Yes",1,IF(K10="No",-1,0))) -> 0 | T10: =IF(P10=0,0,IF(L10<>"None",-1,0)) -> 0 | U10: =IF(P10=0,"",Q10+R10+S10+T10) | V10: =IF(P10=0,"",IF(U10>=3,"Probable",IF(U10>=1,"Possible","Unlikely")))
A11: P012 | B11: 63 | C11: Male | D11: Diclofenac | E11: NSAID | F11: 100 | G11: 45808 | H11: None | J11: None | K11: NA | L11: Clarithromycin | M11: No reaction | N11: =IF(H11="None","",I11-G11) | O11: =IF(B11<18,"Under 18",IF(B11<40,"18 to 39",IF(B11<60,"40 to 59","60 and above"))) -> 60 and above | P11: =IF(H11="None",0,1) -> 0 | Q11: =IF(P11=0,0,IF(COUNTIFS(Known_ADRs!$A$2:$A$31,D11,Known_ADRs!$B$2:$B$31,H11)>0,1,0)) -> 0 | R11: =IF(P11=0,0,IF(N11>0,2,0)) -> 0 | S11: =IF(P11=0,0,IF(K11="Yes",1,IF(K11="No",-1,0))) -> 0 | T11: =IF(P11=0,0,IF(L11<>"None",-1,0)) -> 0 | U11: =IF(P11=0,"",Q11+R11+S11+T11) | V11: =IF(P11=0,"",IF(U11>=3,"Probable",IF(U11>=1,"Possible","Unlikely")))
A12: P015 | B12: 20 | C12: Female | D12: Amlodipine | E12: Calcium Channel Blocker | F12: 5 | G12: 45678 | H12: None | J12: None | K12: NA | L12: None | M12: No reaction | N12: =IF(H12="None","",I12-G12) | O12: =IF(B12<18,"Under 18",IF(B12<40,"18 to 39",IF(B12<60,"40 to 59","60 and above"))) -> 18 to 39 | P12: =IF(H12="None",0,1) -> 0 | Q12: =IF(P12=0,0,IF(COUNTIFS(Known_ADRs!$A$2:$A$31,D12,Known_ADRs!$B$2:$B$31,H12)>0,1,0)) -> 0 | R12: =IF(P12=0,0,IF(N12>0,2,0)) -> 0 | S12: =IF(P12=0,0,IF(K12="Yes",1,IF(K12="No",-1,0))) -> 0 | T12: =IF(P12=0,0,IF(L12<>"None",-1,0)) -> 0 | U12: =IF(P12=0,"",Q12+R12+S12+T12) | V12: =IF(P12=0,"",IF(U12>=3,"Probable",IF(U12>=1,"Possible","Unlikely")))
A13: P017 | B13: 46 | C13: Male | D13: Ciprofloxacin | E13: Fluoroquinolone | F13: 500 | G13: 45726 | H13: None | J13: None | K13: NA | L13: Ibuprofen | M13: No reaction | N13: =IF(H13="None","",I13-G13) | O13: =IF(B13<18,"Under 18",IF(B13<40,"18 to 39",IF(B13<60,"40 to 59","60 and above"))) -> 40 to 59 | P13: =IF(H13="None",0,1) -> 0 | Q13: =IF(P13=0,0,IF(COUNTIFS(Known_ADRs!$A$2:$A$31,D13,Known_ADRs!$B$2:$B$31,H13)>0,1,0)) -> 0 | R13: =IF(P13=0,0,IF(N13>0,2,0)) -> 0 | S13: =IF(P13=0,0,IF(K13="Yes",1,IF(K13="No",-1,0))) -> 0 | T13: =IF(P13=0,0,IF(L13<>"None",-1,0)) -> 0 | U13: =IF(P13=0,"",Q13+R13+S13+T13) | V13: =IF(P13=0,"",IF(U13>=3,"Probable",IF(U13>=1,"Possible","Unlikely")))
... A55: P079 | B55: 61 | C55: Male | D55: Diclofenac | E55: NSAID | F55: 100 | G55: 45681 | H55: None | J55: None | K55: NA | L55: None | M55: No reaction | N55: =IF(H55="None","",I55-G55) | O55: =IF(B55<18,"Under 18",IF(B55<40,"18 to 39",IF(B55<60,"40 to 59","60 and above"))) -> 60 and above | P55: =IF(H55="None",0,1) -> 0 | Q55: =IF(P55=0,0,IF(COUNTIFS(Known_ADRs!$A$2:$A$31,D55,Known_ADRs!$B$2:$B$31,H55)>0,1,0)) -> 0 | R55: =IF(P55=0,0,IF(N55>0,2,0)) -> 0 | S55: =IF(P55=0,0,IF(K55="Yes",1,IF(K55="No",-1,0))) -> 0 | T55: =IF(P55=0,0,IF(L55<>"None",-1,0)) -> 0 | U55: =IF(P55=0,"",Q55+R55+S55+T55) | V55: =IF(P55=0,"",IF(U55>=3,"Probable",IF(U55>=1,"Possible","Unlikely")))
A56: P014 | B56: 24 | C56: Male | D56: Metformin | E56: Antidiabetic | F56: 1000 | G56: 45906 | H56: Nausea | I56: 45926 | J56: Mild | K56: Yes | L56: None | M56: Recovered | N56: =IF(H56="None","",I56-G56) -> 20 | O56: =IF(B56<18,"Under 18",IF(B56<40,"18 to 39",IF(B56<60,"40 to 59","60 and above"))) -> 18 to 39 | P56: =IF(H56="None",0,1) -> 1 | Q56: =IF(P56=0,0,IF(COUNTIFS(Known_ADRs!$A$2:$A$31,D56,Known_ADRs!$B$2:$B$31,H56)>0,1,0)) -> 1 | R56: =IF(P56=0,0,IF(N56>0,2,0)) -> 2 | S56: =IF(P56=0,0,IF(K56="Yes",1,IF(K56="No",-1,0))) -> 1 | T56: =IF(P56=0,0,IF(L56<>"None",-1,0)) -> 0 | U56: =IF(P56=0,"",Q56+R56+S56+T56) -> 4 | V56: =IF(P56=0,"",IF(U56>=3,"Probable",IF(U56>=1,"Possible","Unlikely"))) -> Probable
A57: P016 | B57: 65 | C57: Female | D57: Amoxicillin | E57: Antibiotic | F57: 500 | G57: 45793 | H57: Diarrhea | I57: 45798 | J57: Mild | K57: Yes | L57: None | M57: Recovering | N57: =IF(H57="None","",I57-G57) -> 5 | O57: =IF(B57<18,"Under 18",IF(B57<40,"18 to 39",IF(B57<60,"40 to 59","60 and above"))) -> 60 and above | P57: =IF(H57="None",0,1) -> 1 | Q57: =IF(P57=0,0,IF(COUNTIFS(Known_ADRs!$A$2:$A$31,D57,Known_ADRs!$B$2:$B$31,H57)>0,1,0)) -> 1 | R57: =IF(P57=0,0,IF(N57>0,2,0)) -> 2 | S57: =IF(P57=0,0,IF(K57="Yes",1,IF(K57="No",-1,0))) -> 1 | T57: =IF(P57=0,0,IF(L57<>"None",-1,0)) -> 0 | U57: =IF(P57=0,"",Q57+R57+S57+T57) -> 4 | V57: =IF(P57=0,"",IF(U57>=3,"Probable",IF(U57>=1,"Possible","Unlikely"))) -> Probable
A58: P021 | B58: 15 | C58: Female | D58: Amlodipine | E58: Calcium Channel Blocker | F58: 5 | G58: 45792 | H58: Ankle Edema | I58: 45826 | J58: Mild | K58: Yes | L58: None | M58: Not Recovered | N58: =IF(H58="None","",I58-G58) -> 34 | O58: =IF(B58<18,"Under 18",IF(B58<40,"18 to 39",IF(B58<60,"40 to 59","60 and above"))) -> Under 18 | P58: =IF(H58="None",0,1) -> 1 | Q58: =IF(P58=0,0,IF(COUNTIFS(Known_ADRs!$A$2:$A$31,D58,Known_ADRs!$B$2:$B$31,H58)>0,1,0)) -> 1 | R58: =IF(P58=0,0,IF(N58>0,2,0)) -> 2 | S58: =IF(P58=0,0,IF(K58="Yes",1,IF(K58="No",-1,0))) -> 1 | T58: =IF(P58=0,0,IF(L58<>"None",-1,0)) -> 0 | U58: =IF(P58=0,"",Q58+R58+S58+T58) -> 4 | V58: =IF(P58=0,"",IF(U58>=3,"Probable",IF(U58>=1,"Possible","Unlikely"))) -> Probable
A59: P036 | B59: 55 | C59: Female | D59: Enalapril | E59: ACE Inhibitor | F59: 10 | G59: 45818 | H59: Dry Cough | I59: 45867 | J59: Moderate | K59: Yes | L59: None | M59: Not Recovered | N59: =IF(H59="None","",I59-G59) -> 49 | O59: =IF(B59<18,"Under 18",IF(B59<40,"18 to 39",IF(B59<60,"40 to 59","60 and above"))) -> 40 to 59 | P59: =IF(H59="None",0,1) -> 1 | Q59: =IF(P59=0,0,IF(COUNTIFS(Known_ADRs!$A$2:$A$31,D59,Known_ADRs!$B$2:$B$31,H59)>0,1,0)) -> 1 | R59: =IF(P59=0,0,IF(N59>0,2,0)) -> 2 | S59: =IF(P59=0,0,IF(K59="Yes",1,IF(K59="No",-1,0))) -> 1 | T59: =IF(P59=0,0,IF(L59<>"None",-1,0)) -> 0 | U59: =IF(P59=0,"",Q59+R59+S59+T59) -> 4 | V59: =IF(P59=0,"",IF(U59>=3,"Probable",IF(U59>=1,"Possible","Unlikely"))) -> Probable
A60: P043 | B60: 23 | C60: Male | D60: Enalapril | E60: ACE Inhibitor | F60: 10 | G60: 45864 | H60: Hyperkalemia | I60: 45886 | J60: Mild | K60: Yes | L60: None | M60: Recovered | N60: =IF(H60="None","",I60-G60) -> 22 | O60: =IF(B60<18,"Under 18",IF(B60<40,"18 to 39",IF(B60<60,"40 to 59","60 and above"))) -> 18 to 39 | P60: =IF(H60="None",0,1) -> 1 | Q60: =IF(P60=0,0,IF(COUNTIFS(Known_ADRs!$A$2:$A$31,D60,Known_ADRs!$B$2:$B$31,H60)>0,1,0)) -> 1 | R60: =IF(P60=0,0,IF(N60>0,2,0)) -> 2 | S60: =IF(P60=0,0,IF(K60="Yes",1,IF(K60="No",-1,0))) -> 1 | T60: =IF(P60=0,0,IF(L60<>"None",-1,0)) -> 0 | U60: =IF(P60=0,"",Q60+R60+S60+T60) -> 4 | V60: =IF(P60=0,"",IF(U60>=3,"Probable",IF(U60>=1,"Possible","Unlikely"))) -> Probable
A61: P044 | B61: 52 | C61: Male | D61: Diclofenac | E61: NSAID | F61: 100 | G61: 45709 | H61: Gastritis | I61: 45738 | J61: Mild | K61: Yes | L61: None | M61: Recovered | N61: =IF(H61="None","",I61-G61) -> 29 | O61: =IF(B61<18,"Under 18",IF(B61<40,"18 to 39",IF(B61<60,"40 to 59","60 and above"))) -> 40 to 59 | P61: =IF(H61="None",0,1) -> 1 | Q61: =IF(P61=0,0,IF(COUNTIFS(Known_ADRs!$A$2:$A$31,D61,Known_ADRs!$B$2:$B$31,H61)>0,1,0)) -> 1 | R61: =IF(P61=0,0,IF(N61>0,2,0)) -> 2 | S61: =IF(P61=0,0,IF(K61="Yes",1,IF(K61="No",-1,0))) -> 1 | T61: =IF(P61=0,0,IF(L61<>"None",-1,0)) -> 0 | U61: =IF(P61=0,"",Q61+R61+S61+T61) -> 4 | V61: =IF(P61=0,"",IF(U61>=3,"Probable",IF(U61>=1,"Possible","Unlikely"))) -> Probable
A62: P047 | B62: 49 | C62: Male | D62: Amoxicillin | E62: Antibiotic | F62: 500 | G62: 45783 | H62: Skin Rash | I62: 45789 | J62: Moderate | K62: Yes | L62: None | M62: Recovered | N62: =IF(H62="None","",I62-G62) -> 6 | O62: =IF(B62<18,"Under 18",IF(B62<40,"18 to 39",IF(B62<60,"40 to 59","60 and above"))) -> 40 to 59 | P62: =IF(H62="None",0,1) -> 1 | Q62: =IF(P62=0,0,IF(COUNTIFS(Known_ADRs!$A$2:$A$31,D62,Known_ADRs!$B$2:$B$31,H62)>0,1,0)) -> 1 | R62: =IF(P62=0,0,IF(N62>0,2,0)) -> 2 | S62: =IF(P62=0,0,IF(K62="Yes",1,IF(K62="No",-1,0))) -> 1 | T62: =IF(P62=0,0,IF(L62<>"None",-1,0)) -> 0 | U62: =IF(P62=0,"",Q62+R62+S62+T62) -> 4 | V62: =IF(P62=0,"",IF(U62>=3,"Probable",IF(U62>=1,"Possible","Unlikely"))) -> Probable
A63: P069 | B63: 29 | C63: Female | D63: Warfarin | E63: Anticoagulant | F63: 5 | G63: 45793 | H63: Bruising | I63: 45820 | J63: Moderate | K63: Yes | L63: None | M63: Recovering | N63: =IF(H63="None","",I63-G63) -> 27 | O63: =IF(B63<18,"Under 18",IF(B63<40,"18 to 39",IF(B63<60,"40 to 59","60 and above"))) -> 18 to 39 | P63: =IF(H63="None",0,1) -> 1 | Q63: =IF(P63=0,0,IF(COUNTIFS(Known_ADRs!$A$2:$A$31,D63,Known_ADRs!$B$2:$B$31,H63)>0,1,0)) -> 1 | R63: =IF(P63=0,0,IF(N63>0,2,0)) -> 2 | S63: =IF(P63=0,0,IF(K63="Yes",1,IF(K63="No",-1,0))) -> 1 | T63: =IF(P63=0,0,IF(L63<>"None",-1,0)) -> 0 | U63: =IF(P63=0,"",Q63+R63+S63+T63) -> 4 | V63: =IF(P63=0,"",IF(U63>=3,"Probable",IF(U63>=1,"Possible","Unlikely"))) -> Probable
A64: P080 | B64: 72 | C64: Male | D64: Atorvastatin | E64: Statin | F64: 20 | G64: 45773 | H64: Myalgia | I64: 45857 | J64: Mild | K64: Yes | L64: None | M64: Recovered | N64: =IF(H64="None","",I64-G64) -> 84 | O64: =IF(B64<18,"Under 18",IF(B64<40,"18 to 39",IF(B64<60,"40 to 59","60 and above"))) -> 60 and above | P64: =IF(H64="None",0,1) -> 1 | Q64: =IF(P64=0,0,IF(COUNTIFS(Known_ADRs!$A$2:$A$31,D64,Known_ADRs!$B$2:$B$31,H64)>0,1,0)) -> 1 | R64: =IF(P64=0,0,IF(N64>0,2,0)) -> 2 | S64: =IF(P64=0,0,IF(K64="Yes",1,IF(K64="No",-1,0))) -> 1 | T64: =IF(P64=0,0,IF(L64<>"None",-1,0)) -> 0 | U64: =IF(P64=0,"",Q64+R64+S64+T64) -> 4 | V64: =IF(P64=0,"",IF(U64>=3,"Probable",IF(U64>=1,"Possible","Unlikely"))) -> Probable
A65: P005 | B65: 24 | C65: Male | D65: Enalapril | E65: ACE Inhibitor | F65: 10 | G65: 45709 | H65: Dry Cough | I65: 45732 | J65: Mild | K65: Yes | L65: Ibuprofen | M65: Recovered | N65: =IF(H65="None","",I65-G65) -> 23 | O65: =IF(B65<18,"Under 18",IF(B65<40,"18 to 39",IF(B65<60,"40 to 59","60 and above"))) -> 18 to 39 | P65: =IF(H65="None",0,1) -> 1 | Q65: =IF(P65=0,0,IF(COUNTIFS(Known_ADRs!$A$2:$A$31,D65,Known_ADRs!$B$2:$B$31,H65)>0,1,0)) -> 1 | R65: =IF(P65=0,0,IF(N65>0,2,0)) -> 2 | S65: =IF(P65=0,0,IF(K65="Yes",1,IF(K65="No",-1,0))) -> 1 | T65: =IF(P65=0,0,IF(L65<>"None",-1,0)) -> -1 | U65: =IF(P65=0,"",Q65+R65+S65+T65) -> 3 | V65: =IF(P65=0,"",IF(U65>=3,"Probable",IF(U65>=1,"Possible","Unlikely"))) -> Probable
A66: P020 | B66: 15 | C66: Male | D66: Diclofenac | E66: NSAID | F66: 100 | G66: 45832 | H66: Gastritis | I66: 45859 | J66: Mild | K66: Yes | L66: Aspirin | M66: Recovered | N66: =IF(H66="None","",I66-G66) -> 27 | O66: =IF(B66<18,"Under 18",IF(B66<40,"18 to 39",IF(B66<60,"40 to 59","60 and above"))) -> Under 18 | P66: =IF(H66="None",0,1) -> 1 | Q66: =IF(P66=0,0,IF(COUNTIFS(Known_ADRs!$A$2:$A$31,D66,Known_ADRs!$B$2:$B$31,H66)>0,1,0)) -> 1 | R66: =IF(P66=0,0,IF(N66>0,2,0)) -> 2 | S66: =IF(P66=0,0,IF(K66="Yes",1,IF(K66="No",-1,0))) -> 1 | T66: =IF(P66=0,0,IF(L66<>"None",-1,0)) -> -1 | U66: =IF(P66=0,"",Q66+R66+S66+T66) -> 3 | V66: =IF(P66=0,"",IF(U66>=3,"Probable",IF(U66>=1,"Possible","Unlikely"))) -> Probable
A67: P033 | B67: 57 | C67: Female | D67: Warfarin | E67: Anticoagulant | F67: 5 | G67: 45794 | H67: Bruising | I67: 45823 | J67: Moderate | K67: NA | L67: None | M67: Recovered | N67: =IF(H67="None","",I67-G67) -> 29 | O67: =IF(B67<18,"Under 18",IF(B67<40,"18 to 39",IF(B67<60,"40 to 59","60 and above"))) -> 40 to 59 | P67: =IF(H67="None",0,1) -> 1 | Q67: =IF(P67=0,0,IF(COUNTIFS(Known_ADRs!$A$2:$A$31,D67,Known_ADRs!$B$2:$B$31,H67)>0,1,0)) -> 1 | R67: =IF(P67=0,0,IF(N67>0,2,0)) -> 2 | S67: =IF(P67=0,0,IF(K67="Yes",1,IF(K67="No",-1,0))) -> 0 | T67: =IF(P67=0,0,IF(L67<>"None",-1,0)) -> 0 | U67: =IF(P67=0,"",Q67+R67+S67+T67) -> 3 | V67: =IF(P67=0,"",IF(U67>=3,"Probable",IF(U67>=1,"Possible","Unlikely"))) -> Probable
... A81: P019 | B81: 80 | C81: Male | D81: Warfarin | E81: Anticoagulant | F81: 5 | G81: 45755 | H81: Bruising | I81: 45760 | J81: Mild | K81: No | L81: Aspirin | M81: Recovering | N81: =IF(H81="None","",I81-G81) -> 5 | O81: =IF(B81<18,"Under 18",IF(B81<40,"18 to 39",IF(B81<60,"40 to 59","60 and above"))) -> 60 and above | P81: =IF(H81="None",0,1) -> 1 | Q81: =IF(P81=0,0,IF(COUNTIFS(Known_ADRs!$A$2:$A$31,D81,Known_ADRs!$B$2:$B$31,H81)>0,1,0)) -> 1 | R81: =IF(P81=0,0,IF(N81>0,2,0)) -> 2 | S81: =IF(P81=0,0,IF(K81="Yes",1,IF(K81="No",-1,0))) -> -1 | T81: =IF(P81=0,0,IF(L81<>"None",-1,0)) -> -1 | U81: =IF(P81=0,"",Q81+R81+S81+T81) -> 1 | V81: =IF(P81=0,"",IF(U81>=3,"Probable",IF(U81>=1,"Possible","Unlikely"))) -> Possible
A83: Min age | B83: =MIN(B2:B81) -> 15
A84: Max age | B84: =MAX(B1:B81) -> 80

Sheet Drug analysis
A1: Title
A3: High risk threshold | B3: 0.4
A4: Medium risk threshold | B4: 0.25
A6: Drug | B6: Drug class | C6: Total patients | D6: ADR Cases | E6: ADR rate | F6: Severe cases | G6: Avg days to onset | H6: Probable causality | I6: Risk level | J6: Risk rank
A7: Diclofenac | B7: =INDEX(Patient_Data!$E$2:$E$81,MATCH(A7,Patient_Data!$D$2:$D$81,0)) -> NSAID | C7: =COUNTIFS(Patient_Data!$D$2:$D$81,A7) -> 8 | D7: =COUNTIFS(Patient_Data!$D$2:$D$81,A7,Patient_Data!$P$2:$P$81,1) -> 4 | E7: =D7/C7 -> 0.5 | F7: =COUNTIFS(Patient_Data!$D$2:$D$81,A7,Patient_Data!$J$2:$J$81,"Severe") -> 1 | G7: =IFERROR(AVERAGEIFS(Patient_Data!$N$2:$N$81,Patient_Data!$D$2:$D$81,A7,Patient_Data!$P$2:$P$81,1),0) -> 20.75 | H7: =COUNTIFS(Patient_Data!$D$2:$D$81,A7,Patient_Data!$V$2:$V$81,"Probable") -> 2 | I7: =IF(E7>=$B$3,"High",IF(E7>=$B$4,"Medium","Low")) -> High | J7: =RANK(E7,$E$7:$E$16,0) -> 2
A8: Amoxicillin | B8: =INDEX(Patient_Data!$E$2:$E$81,MATCH(A8,Patient_Data!$D$2:$D$81,0)) -> Antibiotic | C8: =COUNTIFS(Patient_Data!$D$2:$D$81,A8) -> 8 | D8: =COUNTIFS(Patient_Data!$D$2:$D$81,A8,Patient_Data!$P$2:$P$81,1) -> 2 | E8: =D8/C8 -> 0.25 | F8: =COUNTIFS(Patient_Data!$D$2:$D$81,A8,Patient_Data!$J$2:$J$81,"Severe") -> 0 | G8: =IFERROR(AVERAGEIFS(Patient_Data!$N$2:$N$81,Patient_Data!$D$2:$D$81,A8,Patient_Data!$P$2:$P$81,1),0) -> 5.5 | H8: =COUNTIFS(Patient_Data!$D$2:$D$81,A8,Patient_Data!$V$2:$V$81,"Probable") -> 2 | I8: =IF(E8>=$B$3,"High",IF(E8>=$B$4,"Medium","Low")) -> Medium | J8: =RANK(E8,$E$7:$E$16,0) -> 5
A9: Atorvastatin | B9: =INDEX(Patient_Data!$E$2:$E$81,MATCH(A9,Patient_Data!$D$2:$D$81,0)) -> Statin | C9: =COUNTIFS(Patient_Data!$D$2:$D$81,A9) -> 8 | D9: =COUNTIFS(Patient_Data!$D$2:$D$81,A9,Patient_Data!$P$2:$P$81,1) -> 4 | E9: =D9/C9 -> 0.5 | F9: =COUNTIFS(Patient_Data!$D$2:$D$81,A9,Patient_Data!$J$2:$J$81,"Severe") -> 0 | G9: =IFERROR(AVERAGEIFS(Patient_Data!$N$2:$N$81,Patient_Data!$D$2:$D$81,A9,Patient_Data!$P$2:$P$81,1),0) -> 54.75 | H9: =COUNTIFS(Patient_Data!$D$2:$D$81,A9,Patient_Data!$V$2:$V$81,"Probable") -> 3 | I9: =IF(E9>=$B$3,"High",IF(E9>=$B$4,"Medium","Low")) -> High | J9: =RANK(E9,$E$7:$E$16,0) -> 2
A10: Metformin | B10: =INDEX(Patient_Data!$E$2:$E$81,MATCH(A10,Patient_Data!$D$2:$D$81,0)) -> Antidiabetic | C10: =COUNTIFS(Patient_Data!$D$2:$D$81,A10) -> 8 | D10: =COUNTIFS(Patient_Data!$D$2:$D$81,A10,Patient_Data!$P$2:$P$81,1) -> 2 | E10: =D10/C10 -> 0.25 | F10: =COUNTIFS(Patient_Data!$D$2:$D$81,A10,Patient_Data!$J$2:$J$81,"Severe") -> 1 | G10: =IFERROR(AVERAGEIFS(Patient_Data!$N$2:$N$81,Patient_Data!$D$2:$D$81,A10,Patient_Data!$P$2:$P$81,1),0) -> 11 | H10: =COUNTIFS(Patient_Data!$D$2:$D$81,A10,Patient_Data!$V$2:$V$81,"Probable") -> 1 | I10: =IF(E10>=$B$3,"High",IF(E10>=$B$4,"Medium","Low")) -> Medium | J10: =RANK(E10,$E$7:$E$16,0) -> 5
A11: Enalapril | B11: =INDEX(Patient_Data!$E$2:$E$81,MATCH(A11,Patient_Data!$D$2:$D$81,0)) -> ACE Inhibitor | C11: =COUNTIFS(Patient_Data!$D$2:$D$81,A11) -> 8 | D11: =COUNTIFS(Patient_Data!$D$2:$D$81,A11,Patient_Data!$P$2:$P$81,1) -> 5 | E11: =D11/C11 -> 0.625 | F11: =COUNTIFS(Patient_Data!$D$2:$D$81,A11,Patient_Data!$J$2:$J$81,"Severe") -> 0 | G11: =IFERROR(AVERAGEIFS(Patient_Data!$N$2:$N$81,Patient_Data!$D$2:$D$81,A11,Patient_Data!$P$2:$P$81,1),0) -> 22.8 | H11: =COUNTIFS(Patient_Data!$D$2:$D$81,A11,Patient_Data!$V$2:$V$81,"Probable") -> 5 | I11: =IF(E11>=$B$3,"High",IF(E11>=$B$4,"Medium","Low")) -> High | J11: =RANK(E11,$E$7:$E$16,0) -> 1
A12: Amlodipine | B12: =INDEX(Patient_Data!$E$2:$E$81,MATCH(A12,Patient_Data!$D$2:$D$81,0)) -> Calcium Channel Blocker | C12: =COUNTIFS(Patient_Data!$D$2:$D$81,A12) -> 8 | D12: =COUNTIFS(Patient_Data!$D$2:$D$81,A12,Patient_Data!$P$2:$P$81,1) -> 2 | E12: =D12/C12 -> 0.25 | F12: =COUNTIFS(Patient_Data!$D$2:$D$81,A12,Patient_Data!$J$2:$J$81,"Severe") -> 0 | G12: =IFERROR(AVERAGEIFS(Patient_Data!$N$2:$N$81,Patient_Data!$D$2:$D$81,A12,Patient_Data!$P$2:$P$81,1),0) -> 22 | H12: =COUNTIFS(Patient_Data!$D$2:$D$81,A12,Patient_Data!$V$2:$V$81,"Probable") -> 2 | I12: =IF(E12>=$B$3,"High",IF(E12>=$B$4,"Medium","Low")) -> Medium | J12: =RANK(E12,$E$7:$E$16,0) -> 5
A13: Warfarin | B13: =INDEX(Patient_Data!$E$2:$E$81,MATCH(A13,Patient_Data!$D$2:$D$81,0)) -> Anticoagulant | C13: =COUNTIFS(Patient_Data!$D$2:$D$81,A13) -> 8 | D13: =COUNTIFS(Patient_Data!$D$2:$D$81,A13,Patient_Data!$P$2:$P$81,1) -> 4 | E13: =D13/C13 -> 0.5 | F13: =COUNTIFS(Patient_Data!$D$2:$D$81,A13,Patient_Data!$J$2:$J$81,"Severe") -> 0 | G13: =IFERROR(AVERAGEIFS(Patient_Data!$N$2:$N$81,Patient_Data!$D$2:$D$81,A13,Patient_Data!$P$2:$P$81,1),0) -> 22.75 | H13: =COUNTIFS(Patient_Data!$D$2:$D$81,A13,Patient_Data!$V$2:$V$81,"Probable") -> 2 | I13: =IF(E13>=$B$3,"High",IF(E13>=$B$4,"Medium","Low")) -> High | J13: =RANK(E13,$E$7:$E$16,0) -> 2
A14: Paracetamol | B14: =INDEX(Patient_Data!$E$2:$E$81,MATCH(A14,Patient_Data!$D$2:$D$81,0)) -> Analgesic | C14: =COUNTIFS(Patient_Data!$D$2:$D$81,A14) -> 8 | D14: =COUNTIFS(Patient_Data!$D$2:$D$81,A14,Patient_Data!$P$2:$P$81,1) -> 0 | E14: =D14/C14 -> 0 | F14: =COUNTIFS(Patient_Data!$D$2:$D$81,A14,Patient_Data!$J$2:$J$81,"Severe") -> 0 | G14: =IFERROR(AVERAGEIFS(Patient_Data!$N$2:$N$81,Patient_Data!$D$2:$D$81,A14,Patient_Data!$P$2:$P$81,1),0) -> 0 | H14: =COUNTIFS(Patient_Data!$D$2:$D$81,A14,Patient_Data!$V$2:$V$81,"Probable") -> 0 | I14: =IF(E14>=$B$3,"High",IF(E14>=$B$4,"Medium","Low")) -> Low | J14: =RANK(E14,$E$7:$E$16,0) -> 10
A15: Ciprofloxacin | B15: =INDEX(Patient_Data!$E$2:$E$81,MATCH(A15,Patient_Data!$D$2:$D$81,0)) -> Fluoroquinolone | C15: =COUNTIFS(Patient_Data!$D$2:$D$81,A15) -> 8 | D15: =COUNTIFS(Patient_Data!$D$2:$D$81,A15,Patient_Data!$P$2:$P$81,1) -> 2 | E15: =D15/C15 -> 0.25 | F15: =COUNTIFS(Patient_Data!$D$2:$D$81,A15,Patient_Data!$J$2:$J$81,"Severe") -> 0 | G15: =IFERROR(AVERAGEIFS(Patient_Data!$N$2:$N$81,Patient_Data!$D$2:$D$81,A15,Patient_Data!$P$2:$P$81,1),0) -> 7 | H15: =COUNTIFS(Patient_Data!$D$2:$D$81,A15,Patient_Data!$V$2:$V$81,"Probable") -> 0 | I15: =IF(E15>=$B$3,"High",IF(E15>=$B$4,"Medium","Low")) -> Medium | J15: =RANK(E15,$E$7:$E$16,0) -> 5
A16: Omeprazole | B16: =INDEX(Patient_Data!$E$2:$E$81,MATCH(A16,Patient_Data!$D$2:$D$81,0)) -> Proton Pump Inhibitor | C16: =COUNTIFS(Patient_Data!$D$2:$D$81,A16) -> 8 | D16: =COUNTIFS(Patient_Data!$D$2:$D$81,A16,Patient_Data!$P$2:$P$81,1) -> 1 | E16: =D16/C16 -> 0.125 | F16: =COUNTIFS(Patient_Data!$D$2:$D$81,A16,Patient_Data!$J$2:$J$81,"Severe") -> 0 | G16: =IFERROR(AVERAGEIFS(Patient_Data!$N$2:$N$81,Patient_Data!$D$2:$D$81,A16,Patient_Data!$P$2:$P$81,1),0) -> 27 | H16: =COUNTIFS(Patient_Data!$D$2:$D$81,A16,Patient_Data!$V$2:$V$81,"Probable") -> 0 | I16: =IF(E16>=$B$3,"High",IF(E16>=$B$4,"Medium","Low")) -> Low | J16: =RANK(E16,$E$7:$E$16,0) -> 9
A17: Total | C17: =SUM(C7:C16) -> 80 | D17: =SUM(D7:D16) -> 26 | F17: =SUM(F7:F16) -> 2 | H17: =SUM(H7:H16) -> 17

Sheet Known_ADRs
A1: Drug | B1: Documented_Reaction
A2: Diclofenac | B2: Gastritis
A3: Diclofenac | B3: GI Bleeding
A4: Diclofenac | B4: Skin Rash
A5: Amoxicillin | B5: Skin Rash
A6: Amoxicillin | B6: Diarrhea
A7: Amoxicillin | B7: Anaphylaxis
A8: Atorvastatin | B8: Myalgia
A9: Atorvastatin | B9: Elevated Liver Enzymes
A10: Metformin | B10: Nausea
A11: Metformin | B11: Diarrhea
A12: Metformin | B12: Lactic Acidosis
... A31: Omeprazole | B31: Nausea
A33: Reference list of documented drug-reaction pairs (assumed for this exercise; verify with a drug label / WHO-UMC / SIDER).
